No,Name,Generation,Height,Weight,Type1,Type2,Ability1,Ability2,Ability_Hidden,Gender_Male,Gender_Female,Gender_Unknown,Get_Rate,Base_Experience,Experience_Type,Category,HP,Attack,Defense,SP_Attack,SP_Defense,Speed,Total,E_HP,E_Attack,E_Defense,E_SP_Attack,E_SP_Defense,E_Speed
1,Bulbasaur,1,0.7,6.9,Grass,Poison,Overgrow,,Chlorophyll,87.5,12.5,0,45,64,1059860,Ordinary,45,49,49,65,65,45,318,0,0,0,1,0,0
2,Ivysaur,1,1.0,13.0,Grass,Poison,Overgrow,,Chlorophyll,87.5,12.5,0,45,142,1059860,Ordinary,60,62,63,80,80,60,405,0,0,0,1,1,0
3,Venusaur,1,2.0,100.0,Grass,Poison,Overgrow,,Chlorophyll,87.5,12.5,0,45,263,1059860,Ordinary,80,82,83,100,100,80,525,0,0,0,2,1,0
4,Charmander,1,0.6,8.5,Fire,,Blaze,,Solar Power,87.5,12.5,0,45,62,1059860,Ordinary,39,52,43,60,50,65,309,0,0,0,0,0,1
5,Charmeleon,1,1.1,19.0,Fire,,Blaze,,Solar Power,87.5,12.5,0,45,142,1059860,Ordinary,58,64,58,80,65,80,405,0,0,0,1,0,1
6,Charizard,1,1.7,90.5,Fire,Flying,Blaze,,Solar Power,87.5,12.5,0,45,267,1059860,Ordinary,78,84,78,109,85,100,534,0,0,0,3,0,0
7,Squirtle,1,0.5,9.0,Water,,Torrent,,Rain Dish,87.5,12.5,0,45,63,1059860,Ordinary,44,48,65,50,64,43,314,0,0,1,0,0,0
8,Wartortle,1,1.0,22.5,Water,,Torrent,,Rain Dish,87.5,12.5,0,45,142,1059860,Ordinary,59,63,80,65,80,58,405,0,0,1,0,1,0
9,Blastoise,1,1.6,85.5,Water,,Torrent,,Rain Dish,87.5,12.5,0,45,265,1059860,Ordinary,79,83,100,85,105,78,530,0,0,0,0,3,0
10,Caterpie,1,0.3,2.9,Bug,,Shield Dust,,Run Away,50.0,50.0,0,255,39,1000000,Ordinary,45,30,35,20,20,45,195,1,0,0,0,0,0
11,Metapod,1,0.7,9.9,Bug,,Shed Skin,,,50.0,50.0,0,120,72,1000000,Ordinary,50,20,55,25,25,30,205,0,0,2,0,0,0
12,Butterfree,1,1.1,32.0,Bug,Flying,Compound Eyes,,Tinted Lens,50.0,50.0,0,45,198,1000000,Ordinary,60,45,50,90,80,70,395,0,0,0,2,1,0
13,Weedle,1,0.3,3.2,Bug,Poison,Shield Dust,,Run Away,50.0,50.0,0,255,39,1000000,Ordinary,40,35,30,20,20,50,195,0,0,0,0,0,1
14,Kakuna,1,0.6,10.0,Bug,Poison,Shed Skin,,,50.0,50.0,0,120,72,1000000,Ordinary,45,25,50,25,25,35,205,0,0,2,0,0,0
15,Beedrill,1,1.0,29.5,Bug,Poison,Swarm,,Sniper,50.0,50.0,0,45,198,1000000,Ordinary,65,90,40,45,80,75,395,0,2,0,0,1,0
16,Pidgey,1,0.3,1.8,Normal,Flying,Keen Eye,Tangled Feet,Big Pecks,50.0,50.0,0,255,50,1059860,Ordinary,40,45,40,35,35,56,251,0,0,0,0,0,1
17,Pidgeotto,1,1.1,30.0,Normal,Flying,Keen Eye,Tangled Feet,Big Pecks,50.0,50.0,0,120,122,1059860,Ordinary,63,60,55,50,50,71,349,0,0,0,0,0,2
18,Pidgeot,1,1.5,39.5,Normal,Flying,Keen Eye,Tangled Feet,Big Pecks,50.0,50.0,0,45,240,1059860,Ordinary,83,80,75,70,70,101,479,0,0,0,0,0,3
19,Rattata,1,0.3,3.5,Normal,,Run Away,Guts,Hustle,50.0,50.0,0,255,51,1000000,Ordinary,30,56,35,25,35,72,253,0,0,0,0,0,1
20,Raticate,1,0.7,18.5,Normal,,Run Away,Guts,Hustle,50.0,50.0,0,127,145,1000000,Ordinary,55,81,60,50,70,97,413,0,0,0,0,0,2
21,Spearow,1,0.3,2.0,Normal,Flying,Keen Eye,,Sniper,50.0,50.0,0,255,52,1000000,Ordinary,40,60,30,31,31,70,262,0,0,0,0,0,1
22,Fearow,1,1.2,38.0,Normal,Flying,Keen Eye,,Sniper,50.0,50.0,0,90,155,1000000,Ordinary,65,90,65,61,61,100,442,0,0,0,0,0,2
23,Ekans,1,2.0,6.9,Poison,,Intimidate,Shed Skin,Unnerve,50.0,50.0,0,255,58,1000000,Ordinary,35,60,44,40,54,55,288,0,1,0,0,0,0
24,Arbok,1,3.5,65.0,Poison,,Intimidate,Shed Skin,Unnerve,50.0,50.0,0,90,157,1000000,Ordinary,60,95,69,65,79,80,448,0,2,0,0,0,0
25,Pikachu,1,0.4,6.0,Electric,,Static,,Lightning Rod,50.0,50.0,0,190,112,1000000,Ordinary,35,55,40,50,50,90,320,0,0,0,0,0,2
26,Raichu,1,0.8,30.0,Electric,,Static,,Lightning Rod,50.0,50.0,0,75,243,1000000,Ordinary,60,90,55,90,80,110,485,0,0,0,0,0,3
27,Sandshrew,1,0.6,12.0,Ground,,Sand Veil,,Sand Rush,50.0,50.0,0,255,60,1000000,Ordinary,50,75,85,20,30,40,300,0,0,1,0,0,0
28,Sandslash,1,1.0,29.5,Ground,,Sand Veil,,Sand Rush,50.0,50.0,0,90,158,1000000,Ordinary,75,100,110,45,55,65,450,0,0,2,0,0,0
29,Nidoran F,1,0.4,7.0,Poison,,Poison Point,Rivalry,Hustle,0.0,100.0,0,235,55,1059860,Ordinary,55,47,52,40,40,41,275,1,0,0,0,0,0
30,Nidorina,1,0.8,20.0,Poison,,Poison Point,Rivalry,Hustle,0.0,100.0,0,120,128,1059860,Ordinary,70,62,67,55,55,56,365,2,0,0,0,0,0
31,Nidoqueen,1,1.3,60.0,Poison,Ground,Poison Point,Rivalry,Sheer Force,0.0,100.0,0,45,253,1059860,Ordinary,90,92,87,75,85,76,505,3,0,0,0,0,0
32,Nidoran M,1,0.5,9.0,Poison,,Poison Point,Rivalry,Hustle,100.0,0.0,0,235,55,1059860,Ordinary,46,57,40,40,40,50,273,0,1,0,0,0,0
33,Nidorino,1,0.9,19.5,Poison,,Poison Point,Rivalry,Hustle,100.0,0.0,0,120,128,1059860,Ordinary,61,72,57,55,55,65,365,0,2,0,0,0,0
34,Nidoking,1,1.4,62.0,Poison,Ground,Poison Point,Rivalry,Sheer Force,100.0,0.0,0,45,253,1059860,Ordinary,81,102,77,85,75,85,505,0,3,0,0,0,0
35,Clefairy,1,0.6,7.5,Fairy,,Cute Charm,Magic Guard,Friend Guard,25.0,75.0,0,150,113,800000,Ordinary,70,45,48,60,65,35,323,2,0,0,0,0,0
36,Clefable,1,1.3,40.0,Fairy,,Cute Charm,Magic Guard,Unaware,25.0,75.0,0,25,242,800000,Ordinary,95,70,73,95,90,60,483,3,0,0,0,0,0
37,Vulpix,1,0.6,9.9,Fire,,Flash Fire,,Drought,25.0,75.0,0,190,60,1000000,Ordinary,38,41,40,50,65,65,299,0,0,0,0,0,1
38,Ninetales,1,1.1,19.9,Fire,,Flash Fire,,Drought,25.0,75.0,0,75,177,1000000,Ordinary,73,76,75,81,100,100,505,0,0,0,0,1,1
39,Jigglypuff,1,0.5,5.5,Normal,Fairy,Cute Charm,Competitive,Friend Guard,25.0,75.0,0,170,95,800000,Ordinary,115,45,20,45,25,20,270,2,0,0,0,0,0
40,Wigglytuff,1,1.0,12.0,Normal,Fairy,Cute Charm,Competitive,Frisk,25.0,75.0,0,50,218,800000,Ordinary,140,70,45,85,50,45,435,3,0,0,0,0,0
41,Zubat,1,0.8,7.5,Poison,Flying,Inner Focus,,Infiltrator,50.0,50.0,0,255,49,1000000,Ordinary,40,45,35,30,40,55,245,0,0,0,0,0,1
42,Golbat,1,1.6,55.0,Poison,Flying,Inner Focus,,Infiltrator,50.0,50.0,0,90,159,1000000,Ordinary,75,80,70,65,75,90,455,0,0,0,0,0,2
43,Oddish,1,0.5,5.4,Grass,Poison,Chlorophyll,,Run Away,50.0,50.0,0,255,64,1059860,Ordinary,45,50,55,75,65,30,320,0,0,0,1,0,0
44,Gloom,1,0.8,8.6,Grass,Poison,Chlorophyll,,Stench,50.0,50.0,0,120,138,1059860,Ordinary,60,65,70,85,75,40,395,0,0,0,2,0,0
45,Vileplume,1,1.2,18.6,Grass,Poison,Chlorophyll,,Effect Spore,50.0,50.0,0,45,245,1059860,Ordinary,75,80,85,110,90,50,490,0,0,0,3,0,0
46,Paras,1,0.3,5.4,Bug,Grass,Effect Spore,Dry Skin,Damp,50.0,50.0,0,190,57,1000000,Ordinary,35,70,55,45,55,25,285,0,1,0,0,0,0
47,Parasect,1,1.0,29.5,Bug,Grass,Effect Spore,Dry Skin,Damp,50.0,50.0,0,75,142,1000000,Ordinary,60,95,80,60,80,30,405,0,2,1,0,0,0
48,Venonat,1,1.0,30.0,Bug,Poison,Compound Eyes,Tinted Lens,Run Away,50.0,50.0,0,190,61,1000000,Ordinary,60,55,50,40,55,45,305,0,0,0,0,1,0
49,Venomoth,1,1.5,12.5,Bug,Poison,Shield Dust,Tinted Lens,Wonder Skin,50.0,50.0,0,75,158,1000000,Ordinary,70,65,60,90,75,90,450,0,0,0,1,0,1
50,Diglett,1,0.2,0.8,Ground,,Sand Veil,Arena Trap,Sand Force,50.0,50.0,0,255,53,1000000,Ordinary,10,55,25,35,45,95,265,0,0,0,0,0,1
51,Dugtrio,1,0.7,33.3,Ground,,Sand Veil,Arena Trap,Sand Force,50.0,50.0,0,50,149,1000000,Ordinary,35,100,50,50,70,120,425,0,0,0,0,0,2
52,Meowth,1,0.4,4.2,Normal,,Pickup,Technician,Unnerve,50.0,50.0,0,255,58,1000000,Ordinary,40,45,35,40,40,90,290,0,0,0,0,0,1
53,Persian,1,1.0,32.0,Normal,,Limber,Technician,Unnerve,50.0,50.0,0,90,154,1000000,Ordinary,65,70,60,65,65,115,440,0,0,0,0,0,2
54,Psyduck,1,0.8,19.6,Water,,Damp,Cloud Nine,Swift Swim,50.0,50.0,0,190,64,1000000,Ordinary,50,52,48,65,50,55,320,0,0,0,1,0,0
55,Golduck,1,1.7,76.6,Water,,Damp,Cloud Nine,Swift Swim,50.0,50.0,0,75,175,1000000,Ordinary,80,82,78,95,80,85,500,0,0,0,2,0,0
56,Mankey,1,0.5,28.0,Fighting,,Vital Spirit,Anger Point,Defiant,50.0,50.0,0,190,61,1000000,Ordinary,40,80,35,35,45,70,305,0,1,0,0,0,0
57,Primeape,1,1.0,32.0,Fighting,,Vital Spirit,Anger Point,Defiant,50.0,50.0,0,75,159,1000000,Ordinary,65,105,60,60,70,95,455,0,2,0,0,0,0
58,Growlithe,1,0.7,19.0,Fire,,Intimidate,Flash Fire,Justified,75.0,25.0,0,190,70,1250000,Ordinary,55,70,45,70,50,60,350,0,1,0,0,0,0
59,Arcanine,1,1.9,155.0,Fire,,Intimidate,Flash Fire,Justified,75.0,25.0,0,75,194,1250000,Ordinary,90,110,80,100,80,95,555,0,2,0,0,0,0
60,Poliwag,1,0.6,12.4,Water,,Water Absorb,Damp,Swift Swim,50.0,50.0,0,255,60,1059860,Ordinary,40,50,40,40,40,90,300,0,0,0,0,0,1
61,Poliwhirl,1,1.0,20.0,Water,,Water Absorb,Damp,Swift Swim,50.0,50.0,0,120,135,1059860,Ordinary,65,65,65,50,50,90,385,0,0,0,0,0,2
62,Poliwrath,1,1.3,54.0,Water,Fighting,Water Absorb,Damp,Swift Swim,50.0,50.0,0,45,255,1059860,Ordinary,90,95,95,70,90,70,510,0,0,3,0,0,0
63,Abra,1,0.9,19.5,Psychic,,Synchronize,Inner Focus,Magic Guard,75.0,25.0,0,200,62,1059860,Ordinary,25,20,15,105,55,90,310,0,0,0,1,0,0
64,Kadabra,1,1.3,56.5,Psychic,,Synchronize,Inner Focus,Magic Guard,75.0,25.0,0,100,140,1059860,Ordinary,40,35,30,120,70,105,400,0,0,0,2,0,0
65,Alakazam,1,1.5,48.0,Psychic,,Synchronize,Inner Focus,Magic Guard,75.0,25.0,0,50,250,1059860,Ordinary,55,50,45,135,95,120,500,0,0,0,3,0,0
66,Machop,1,0.8,19.5,Fighting,,Guts,No Guard,Steadfast,75.0,25.0,0,180,61,1059860,Ordinary,70,80,50,35,35,35,305,0,1,0,0,0,0
67,Machoke,1,1.5,70.5,Fighting,,Guts,No Guard,Steadfast,75.0,25.0,0,90,142,1059860,Ordinary,80,100,70,50,60,45,405,0,2,0,0,0,0
68,Machamp,1,1.6,130.0,Fighting,,Guts,No Guard,Steadfast,75.0,25.0,0,45,253,1059860,Ordinary,90,130,80,65,85,55,505,0,3,0,0,0,0
69,Bellsprout,1,0.7,4.0,Grass,Poison,Chlorophyll,,Gluttony,50.0,50.0,0,255,60,1059860,Ordinary,50,75,35,70,30,40,300,0,1,0,0,0,0
70,Weepinbell,1,1.0,6.4,Grass,Poison,Chlorophyll,,Gluttony,50.0,50.0,0,120,137,1059860,Ordinary,65,90,50,85,45,55,390,0,2,0,0,0,0
71,Victreebel,1,1.7,15.5,Grass,Poison,Chlorophyll,,Gluttony,50.0,50.0,0,45,245,1059860,Ordinary,80,105,65,100,70,70,490,0,3,0,0,0,0
72,Tentacool,1,0.9,45.5,Water,Poison,Clear Body,Liquid Ooze,Rain Dish,50.0,50.0,0,190,67,1250000,Ordinary,40,40,35,50,100,70,335,0,0,0,0,1,0
73,Tentacruel,1,1.6,55.0,Water,Poison,Clear Body,Liquid Ooze,Rain Dish,50.0,50.0,0,60,180,1250000,Ordinary,80,70,65,80,120,100,515,0,0,0,0,2,0
74,Geodude,1,0.4,20.0,Rock,Ground,Rock Head,Sturdy,Sand Veil,50.0,50.0,0,255,60,1059860,Ordinary,40,80,100,30,30,20,300,0,0,1,0,0,0
75,Graveler,1,1.0,105.0,Rock,Ground,Rock Head,Sturdy,Sand Veil,50.0,50.0,0,120,137,1059860,Ordinary,55,95,115,45,45,35,390,0,0,2,0,0,0
76,Golem,1,1.4,300.0,Rock,Ground,Rock Head,Sturdy,Sand Veil,50.0,50.0,0,45,223,1059860,Ordinary,80,120,130,55,65,45,495,0,0,3,0,0,0
77,Ponyta,1,1.0,30.0,Fire,,Run Away,Flash Fire,Flame Body,50.0,50.0,0,190,82,1000000,Ordinary,50,85,55,65,65,90,410,0,0,0,0,0,1
78,Rapidash,1,1.7,95.0,Fire,,Run Away,Flash Fire,Flame Body,50.0,50.0,0,60,175,1000000,Ordinary,65,100,70,80,80,105,500,0,0,0,0,0,2
79,Slowpoke,1,1.2,36.0,Water,Psychic,Oblivious,Own Tempo,Regenerator,50.0,50.0,0,190,63,1000000,Ordinary,90,65,65,40,40,15,315,1,0,0,0,0,0
80,Slowbro,1,1.6,78.5,Water,Psychic,Oblivious,Own Tempo,Regenerator,50.0,50.0,0,75,172,1000000,Ordinary,95,75,110,100,80,30,490,0,0,2,0,0,0
81,Magnemite,1,0.3,6.0,Electric,Steel,Magnet Pull,Sturdy,Analytic,0.0,0.0,100,190,65,1000000,Ordinary,25,35,70,95,55,45,325,0,0,0,1,0,0
82,Magneton,1,1.0,60.0,Electric,Steel,Magnet Pull,Sturdy,Analytic,0.0,0.0,100,60,163,1000000,Ordinary,50,60,95,120,70,70,465,0,0,0,2,0,0
83,Farfetch'd,1,0.8,15.0,Normal,Flying,Keen Eye,Inner Focus,Defiant,50.0,50.0,0,45,132,1000000,Ordinary,52,90,55,58,62,60,377,0,1,0,0,0,0
84,Doduo,1,1.4,39.2,Normal,Flying,Run Away,Early Bird,Tangled Feet,50.0,50.0,0,190,62,1000000,Ordinary,35,85,45,35,35,75,310,0,1,0,0,0,0
85,Dodrio,1,1.8,85.2,Normal,Flying,Run Away,Early Bird,Tangled Feet,50.0,50.0,0,45,165,1000000,Ordinary,60,110,70,60,60,110,470,0,2,0,0,0,0
86,Seel,1,1.1,90.0,Water,,Thick Fat,Hydration,Ice Body,50.0,50.0,0,190,65,1000000,Ordinary,65,45,55,45,70,45,325,0,0,0,0,1,0
87,Dewgong,1,1.7,120.0,Water,Ice,Thick Fat,Hydration,Ice Body,50.0,50.0,0,75,166,1000000,Ordinary,90,70,80,70,95,70,475,0,0,0,0,2,0
88,Grimer,1,0.9,30.0,Poison,,Stench,Sticky Hold,Poison Touch,50.0,50.0,0,190,65,1000000,Ordinary,80,80,50,40,50,25,325,1,0,0,0,0,0
89,Muk,1,1.2,30.0,Poison,,Stench,Sticky Hold,Poison Touch,50.0,50.0,0,75,175,1000000,Ordinary,105,105,75,65,100,50,500,1,1,0,0,0,0
90,Shellder,1,0.3,4.0,Water,,Shell Armor,Skill Link,Overcoat,50.0,50.0,0,190,61,1250000,Ordinary,30,65,100,45,25,40,305,0,0,1,0,0,0
91,Cloyster,1,1.5,132.5,Water,Ice,Shell Armor,Skill Link,Overcoat,50.0,50.0,0,60,184,1250000,Ordinary,50,95,180,85,45,70,525,0,0,2,0,0,0
92,Gastly,1,1.3,0.1,Ghost,Poison,Levitate,,,50.0,50.0,0,190,62,1059860,Ordinary,30,35,30,100,35,80,310,0,0,0,1,0,0
93,Haunter,1,1.6,0.1,Ghost,Poison,Levitate,,,50.0,50.0,0,90,142,1059860,Ordinary,45,50,45,115,55,95,405,0,0,0,2,0,0
94,Gengar,1,1.5,40.5,Ghost,Poison,Cursed Body,,,50.0,50.0,0,45,250,1059860,Ordinary,60,65,60,130,75,110,500,0,0,0,3,0,0
95,Onix,1,8.8,210.0,Rock,Ground,Rock Head,Sturdy,Weak Armor,50.0,50.0,0,45,77,1000000,Ordinary,35,45,160,30,45,70,385,0,0,1,0,0,0
96,Drowzee,1,1.0,32.4,Psychic,,Insomnia,Forewarn,Inner Focus,50.0,50.0,0,190,66,1000000,Ordinary,60,48,45,43,90,42,328,0,0,0,0,1,0
97,Hypno,1,1.6,75.6,Psychic,,Insomnia,Forewarn,Inner Focus,50.0,50.0,0,75,169,1000000,Ordinary,85,73,70,73,115,67,483,0,0,0,0,2,0
98,Krabby,1,0.4,6.5,Water,,Hyper Cutter,Shell Armor,Sheer Force,50.0,50.0,0,225,65,1000000,Ordinary,30,105,90,25,25,50,325,0,1,0,0,0,0
99,Kingler,1,1.3,60.0,Water,,Hyper Cutter,Shell Armor,Sheer Force,50.0,50.0,0,60,166,1000000,Ordinary,55,130,115,50,50,75,475,0,2,0,0,0,0
100,Voltorb,1,0.5,10.4,Electric,,Soundproof,Static,Aftermath,0.0,0.0,100,190,66,1000000,Ordinary,40,30,50,55,55,100,330,0,0,0,0,0,1
101,Electrode,1,1.2,66.6,Electric,,Soundproof,Static,Aftermath,0.0,0.0,100,60,172,1000000,Ordinary,60,50,70,80,80,150,490,0,0,0,0,0,2
102,Exeggcute,1,0.4,2.5,Grass,Psychic,Chlorophyll,,Harvest,50.0,50.0,0,90,65,1250000,Ordinary,60,40,80,60,45,40,325,0,0,1,0,0,0
103,Exeggutor,1,2.0,120.0,Grass,Psychic,Chlorophyll,,Harvest,50.0,50.0,0,45,186,1250000,Ordinary,95,95,85,125,75,55,530,0,0,0,2,0,0
104,Cubone,1,0.4,6.5,Ground,,Rock Head,Lightning Rod,Battle Armor,50.0,50.0,0,190,64,1000000,Ordinary,50,50,95,40,50,35,320,0,0,1,0,0,0
105,Marowak,1,1.0,45.0,Ground,,Rock Head,Lightning Rod,Battle Armor,50.0,50.0,0,75,149,1000000,Ordinary,60,80,110,50,80,45,425,0,0,2,0,0,0
106,Hitmonlee,1,1.5,49.8,Fighting,,Limber,Reckless,Unburden,100.0,0.0,0,45,159,1000000,Ordinary,50,120,53,35,110,87,455,0,2,0,0,0,0
107,Hitmonchan,1,1.4,50.2,Fighting,,Keen Eye,Iron Fist,Inner Focus,100.0,0.0,0,45,159,1000000,Ordinary,50,105,79,35,110,76,455,0,0,0,0,2,0
108,Lickitung,1,1.2,65.5,Normal,,Own Tempo,Oblivious,Cloud Nine,50.0,50.0,0,45,77,1000000,Ordinary,90,55,75,60,75,30,385,2,0,0,0,0,0
109,Koffing,1,0.6,1.0,Poison,,Levitate,Neutralizing Gas,Stench,50.0,50.0,0,190,68,1000000,Ordinary,40,65,95,60,45,35,340,0,0,1,0,0,0
110,Weezing,1,1.2,9.5,Poison,,Levitate,Neutralizing Gas,Stench,50.0,50.0,0,60,172,1000000,Ordinary,65,90,120,85,70,60,490,0,0,2,0,0,0
111,Rhyhorn,1,1.0,115.0,Ground,Rock,Lightning Rod,Rock Head,Reckless,50.0,50.0,0,120,69,1250000,Ordinary,80,85,95,30,30,25,345,0,0,1,0,0,0
112,Rhydon,1,1.9,120.0,Ground,Rock,Lightning Rod,Rock Head,Reckless,50.0,50.0,0,60,170,1250000,Ordinary,105,130,120,45,45,40,485,0,2,0,0,0,0
113,Chansey,1,1.1,34.6,Normal,,Natural Cure,Serene Grace,Healer,0.0,100.0,0,30,395,800000,Ordinary,250,5,5,35,105,50,450,2,0,0,0,0,0
114,Tangela,1,1.0,35.0,Grass,,Chlorophyll,Leaf Guard,Regenerator,50.0,50.0,0,45,87,1000000,Ordinary,65,55,115,100,40,60,435,0,0,1,0,0,0
115,Kangaskhan,1,2.2,80.0,Normal,,Early Bird,Scrappy,Inner Focus,0.0,100.0,0,45,172,1000000,Ordinary,105,95,80,40,80,90,490,2,0,0,0,0,0
116,Horsea,1,0.4,8.0,Water,,Swift Swim,Sniper,Damp,50.0,50.0,0,225,59,1000000,Ordinary,30,40,70,70,25,60,295,0,0,0,1,0,0
117,Seadra,1,1.2,25.0,Water,,Poison Point,Sniper,Damp,50.0,50.0,0,75,154,1000000,Ordinary,55,65,95,95,45,85,440,0,0,1,1,0,0
118,Goldeen,1,0.6,15.0,Water,,Swift Swim,Water Veil,Lightning Rod,50.0,50.0,0,225,64,1000000,Ordinary,45,67,60,35,50,63,320,0,1,0,0,0,0
119,Seaking,1,1.3,39.0,Water,,Swift Swim,Water Veil,Lightning Rod,50.0,50.0,0,60,158,1000000,Ordinary,80,92,65,65,80,68,450,0,2,0,0,0,0
120,Staryu,1,0.8,34.5,Water,,Illuminate,Natural Cure,Analytic,0.0,0.0,100,225,68,1250000,Ordinary,30,45,55,70,55,85,340,0,0,0,0,0,1
121,Starmie,1,1.1,80.0,Water,Psychic,Illuminate,Natural Cure,Analytic,0.0,0.0,100,60,182,1250000,Ordinary,60,75,85,100,85,115,520,0,0,0,0,0,2
122,Mr. Mime,1,1.3,54.5,Psychic,Fairy,Soundproof,Filter,Technician,50.0,50.0,0,45,161,1000000,Ordinary,40,45,65,100,120,90,460,0,0,0,0,2,0
123,Scyther,1,1.5,56.0,Bug,Flying,Swarm,Technician,Steadfast,50.0,50.0,0,45,100,1000000,Ordinary,70,110,80,55,80,105,500,0,1,0,0,0,0
124,Jynx,1,1.4,40.6,Ice,Psychic,Oblivious,Forewarn,Dry Skin,0.0,100.0,0,45,159,1000000,Ordinary,65,50,35,115,95,95,455,0,0,0,2,0,0
125,Electabuzz,1,1.1,30.0,Electric,,Static,,Vital Spirit,75.0,25.0,0,45,172,1000000,Ordinary,65,83,57,95,85,105,490,0,0,0,0,0,2
126,Magmar,1,1.3,44.5,Fire,,Flame Body,,Vital Spirit,75.0,25.0,0,45,173,1000000,Ordinary,65,95,57,100,85,93,495,0,0,0,2,0,0
127,Pinsir,1,1.5,55.0,Bug,,Hyper Cutter,Mold Breaker,Moxie,50.0,50.0,0,45,175,1250000,Ordinary,65,125,100,55,70,85,500,0,2,0,0,0,0
128,Tauros,1,1.4,88.4,Normal,,Intimidate,Anger Point,Sheer Force,100.0,0.0,0,45,172,1250000,Ordinary,75,100,95,40,70,110,490,0,1,0,0,0,1
129,Magikarp,1,0.9,10.0,Water,,Swift Swim,,Rattled,50.0,50.0,0,255,40,1250000,Ordinary,20,10,55,15,20,80,200,0,0,0,0,0,1
130,Gyarados,1,6.5,235.0,Water,Flying,Intimidate,,Moxie,50.0,50.0,0,45,189,1250000,Ordinary,95,125,79,60,100,81,540,0,2,0,0,0,0
131,Lapras,1,2.5,220.0,Water,Ice,Water Absorb,Shell Armor,Hydration,50.0,50.0,0,45,187,1250000,Ordinary,130,85,80,85,95,60,535,2,0,0,0,0,0
132,Ditto,1,0.3,4.0,Normal,,Limber,,Imposter,0.0,0.0,100,35,101,1000000,Ordinary,48,48,48,48,48,48,288,1,0,0,0,0,0
133,Eevee,1,0.3,6.5,Normal,,Run Away,Adaptability,Anticipation,87.5,12.5,0,45,65,1000000,Ordinary,55,55,50,45,65,55,325,0,0,0,0,1,0
134,Vaporeon,1,1.0,29.0,Water,,Water Absorb,,Hydration,87.5,12.5,0,45,184,1000000,Ordinary,130,65,60,110,95,65,525,2,0,0,0,0,0
135,Jolteon,1,0.8,24.5,Electric,,Volt Absorb,,Quick Feet,87.5,12.5,0,45,184,1000000,Ordinary,65,65,60,110,95,130,525,0,0,0,0,0,2
136,Flareon,1,0.9,25.0,Fire,,Flash Fire,,Guts,87.5,12.5,0,45,184,1000000,Ordinary,65,130,60,95,110,65,525,0,2,0,0,0,0
137,Porygon,1,0.8,36.5,Normal,,Trace,Download,Analytic,0.0,0.0,100,45,79,1000000,Ordinary,65,60,70,85,75,40,395,0,0,0,1,0,0
138,Omanyte,1,0.4,7.5,Rock,Water,Swift Swim,Shell Armor,Weak Armor,87.5,12.5,0,45,71,1000000,Ordinary,35,40,100,90,55,35,355,0,0,1,0,0,0
139,Omastar,1,1.0,35.0,Rock,Water,Swift Swim,Shell Armor,Weak Armor,87.5,12.5,0,45,173,1000000,Ordinary,70,60,125,115,70,55,495,0,0,2,0,0,0
140,Kabuto,1,0.5,11.5,Rock,Water,Swift Swim,Battle Armor,Weak Armor,87.5,12.5,0,45,71,1000000,Ordinary,30,80,90,55,45,55,355,0,0,1,0,0,0
141,Kabutops,1,1.3,40.5,Rock,Water,Swift Swim,Battle Armor,Weak Armor,87.5,12.5,0,45,173,1000000,Ordinary,60,115,105,65,70,80,495,0,2,0,0,0,0
142,Aerodactyl,1,1.8,59.0,Rock,Flying,Rock Head,Pressure,Unnerve,87.5,12.5,0,45,180,1250000,Ordinary,80,105,65,60,75,130,515,0,0,0,0,0,2
143,Snorlax,1,2.1,460.0,Normal,,Immunity,Thick Fat,Gluttony,87.5,12.5,0,25,189,1250000,Ordinary,160,110,65,65,110,30,540,2,0,0,0,0,0
144,Articuno,1,1.7,55.4,Ice,Flying,Pressure,,Snow Cloak,0.0,0.0,100,3,290,1250000,Semi-Legendary,90,85,100,95,125,85,580,0,0,0,0,3,0
145,Zapdos,1,1.6,52.6,Electric,Flying,Pressure,,Static,0.0,0.0,100,3,290,1250000,Semi-Legendary,90,90,85,125,90,100,580,0,0,0,3,0,0
146,Moltres,1,2.0,60.0,Fire,Flying,Pressure,,Flame Body,0.0,0.0,100,3,290,1250000,Semi-Legendary,90,100,90,125,85,90,580,0,0,0,3,0,0
147,Dratini,1,1.8,3.3,Dragon,,Shed Skin,,Marvel Scale,50.0,50.0,0,45,60,1250000,Ordinary,41,64,45,50,50,50,300,0,1,0,0,0,0
148,Dragonair,1,4.0,16.5,Dragon,,Shed Skin,,Marvel Scale,50.0,50.0,0,45,147,1250000,Ordinary,61,84,65,70,70,70,420,0,2,0,0,0,0
149,Dragonite,1,2.2,210.0,Dragon,Flying,Inner Focus,,Multiscale,50.0,50.0,0,45,300,1250000,Ordinary,91,134,95,100,100,80,600,0,3,0,0,0,0
150,Mewtwo,1,2.0,122.0,Psychic,,Pressure,,Unnerve,0.0,0.0,100,3,340,1250000,Legendary,106,110,90,154,90,130,680,0,0,0,3,0,0
151,Mew,1,0.4,4.0,Psychic,,Synchronize,,,0.0,0.0,100,45,300,1059860,Mythical,100,100,100,100,100,100,600,3,0,0,0,0,0
152,Chikorita,2,0.9,6.4,Grass,,Overgrow,,Leaf Guard,87.5,12.5,0,45,64,1059860,Ordinary,45,49,65,49,65,45,318,0,0,0,0,1,0
153,Bayleef,2,1.2,15.8,Grass,,Overgrow,,Leaf Guard,87.5,12.5,0,45,142,1059860,Ordinary,60,62,80,63,80,60,405,0,0,1,0,1,0
154,Meganium,2,1.8,100.5,Grass,,Overgrow,,Leaf Guard,87.5,12.5,0,45,263,1059860,Ordinary,80,82,100,83,100,80,525,0,0,1,0,2,0
155,Cyndaquil,2,0.5,7.9,Fire,,Blaze,,Flash Fire,87.5,12.5,0,45,62,1059860,Ordinary,39,52,43,60,50,65,309,0,0,0,0,0,1
156,Quilava,2,0.9,19.0,Fire,,Blaze,,Flash Fire,87.5,12.5,0,45,142,1059860,Ordinary,58,64,58,80,65,80,405,0,0,0,1,0,1
157,Typhlosion,2,1.7,79.5,Fire,,Blaze,,Flash Fire,87.5,12.5,0,45,267,1059860,Ordinary,78,84,78,109,85,100,534,0,0,0,3,0,0
158,Totodile,2,0.6,9.5,Water,,Torrent,,Sheer Force,87.5,12.5,0,45,63,1059860,Ordinary,50,65,64,44,48,43,314,0,1,0,0,0,0
159,Croconaw,2,1.1,25.0,Water,,Torrent,,Sheer Force,87.5,12.5,0,45,142,1059860,Ordinary,65,80,80,59,63,58,405,0,1,1,0,0,0
160,Feraligatr,2,2.3,88.8,Water,,Torrent,,Sheer Force,87.5,12.5,0,45,265,1059860,Ordinary,85,105,100,79,83,78,530,0,2,1,0,0,0
161,Sentret,2,0.8,6.0,Normal,,Run Away,Keen Eye,Frisk,50.0,50.0,0,255,43,1000000,Ordinary,35,46,34,35,45,20,215,0,1,0,0,0,0
162,Furret,2,1.8,32.5,Normal,,Run Away,Keen Eye,Frisk,50.0,50.0,0,90,145,1000000,Ordinary,85,76,64,45,55,90,415,0,0,0,0,0,2
163,Hoothoot,2,0.7,21.2,Normal,Flying,Insomnia,Keen Eye,Tinted Lens,50.0,50.0,0,255,52,1000000,Ordinary,60,30,30,36,56,50,262,1,0,0,0,0,0
164,Noctowl,2,1.6,40.8,Normal,Flying,Insomnia,Keen Eye,Tinted Lens,50.0,50.0,0,90,158,1000000,Ordinary,100,50,50,86,96,70,452,2,0,0,0,0,0
165,Ledyba,2,1.0,10.8,Bug,Flying,Swarm,Early Bird,Rattled,50.0,50.0,0,255,53,800000,Ordinary,40,20,30,40,80,55,265,0,0,0,0,1,0
166,Ledian,2,1.4,35.6,Bug,Flying,Swarm,Early Bird,Iron Fist,50.0,50.0,0,90,137,800000,Ordinary,55,35,50,55,110,85,390,0,0,0,0,2,0
167,Spinarak,2,0.5,8.5,Bug,Poison,Swarm,Insomnia,Sniper,50.0,50.0,0,255,50,800000,Ordinary,40,60,40,40,40,30,250,0,1,0,0,0,0
168,Ariados,2,1.1,33.5,Bug,Poison,Swarm,Insomnia,Sniper,50.0,50.0,0,90,140,800000,Ordinary,70,90,70,60,70,40,400,0,2,0,0,0,0
169,Crobat,2,1.8,75.0,Poison,Flying,Inner Focus,,Infiltrator,50.0,50.0,0,90,268,1000000,Ordinary,85,90,80,70,80,130,535,0,0,0,0,0,3
170,Chinchou,2,0.5,12.0,Water,Electric,Volt Absorb,Illuminate,Water Absorb,50.0,50.0,0,190,66,1250000,Ordinary,75,38,38,56,56,67,330,1,0,0,0,0,0
171,Lanturn,2,1.2,22.5,Water,Electric,Volt Absorb,Illuminate,Water Absorb,50.0,50.0,0,75,161,1250000,Ordinary,125,58,58,76,76,67,460,2,0,0,0,0,0
172,Pichu,2,0.3,2.0,Electric,,Static,,Lightning Rod,50.0,50.0,0,190,41,1000000,Ordinary,20,40,15,35,35,60,205,0,0,0,0,0,1
173,Cleffa,2,0.3,3.0,Fairy,,Cute Charm,Magic Guard,Friend Guard,25.0,75.0,0,150,44,800000,Ordinary,50,25,28,45,55,15,218,0,0,0,0,1,0
174,Igglybuff,2,0.3,1.0,Normal,Fairy,Cute Charm,Competitive,Friend Guard,25.0,75.0,0,170,42,800000,Ordinary,90,30,15,40,20,15,210,1,0,0,0,0,0
175,Togepi,2,0.3,1.5,Fairy,,Hustle,Serene Grace,Super Luck,87.5,12.5,0,190,49,800000,Ordinary,35,20,65,40,65,20,245,0,0,0,0,1,0
176,Togetic,2,0.6,3.2,Fairy,Flying,Hustle,Serene Grace,Super Luck,87.5,12.5,0,75,142,800000,Ordinary,55,40,85,80,105,40,405,0,0,0,0,2,0
177,Natu,2,0.2,2.0,Psychic,Flying,Synchronize,Early Bird,Magic Bounce,50.0,50.0,0,190,64,1000000,Ordinary,40,50,45,70,45,70,320,0,0,0,1,0,0
178,Xatu,2,1.5,15.0,Psychic,Flying,Synchronize,Early Bird,Magic Bounce,50.0,50.0,0,75,165,1000000,Ordinary,65,75,70,95,70,95,470,0,0,0,1,0,1
179,Mareep,2,0.6,7.8,Electric,,Static,,Plus,50.0,50.0,0,235,56,1059860,Ordinary,55,40,40,65,45,35,280,0,0,0,1,0,0
180,Flaaffy,2,0.8,13.3,Electric,,Static,,Plus,50.0,50.0,0,120,128,1059860,Ordinary,70,55,55,80,60,45,365,0,0,0,2,0,0
181,Ampharos,2,1.4,61.5,Electric,,Static,,Plus,50.0,50.0,0,45,255,1059860,Ordinary,90,75,85,115,90,55,510,0,0,0,3,0,0
182,Bellossom,2,0.4,5.8,Grass,,Chlorophyll,,Healer,50.0,50.0,0,45,245,1059860,Ordinary,75,80,95,90,100,50,490,0,0,0,0,3,0
183,Marill,2,0.4,8.5,Water,Fairy,Thick Fat,Huge Power,Sap Sipper,50.0,50.0,0,190,88,800000,Ordinary,70,20,50,20,50,40,250,2,0,0,0,0,0
184,Azumarill,2,0.8,28.5,Water,Fairy,Thick Fat,Huge Power,Sap Sipper,50.0,50.0,0,75,210,800000,Ordinary,100,50,80,60,80,50,420,3,0,0,0,0,0
185,Sudowoodo,2,1.2,38.0,Rock,,Sturdy,Rock Head,Rattled,50.0,50.0,0,65,144,1000000,Ordinary,70,100,115,30,65,30,410,0,0,2,0,0,0
186,Politoed,2,1.1,33.9,Water,,Water Absorb,Damp,Drizzle,50.0,50.0,0,45,250,1059860,Ordinary,90,75,75,90,100,70,500,0,0,0,0,3,0
187,Hoppip,2,0.4,0.5,Grass,Flying,Chlorophyll,Leaf Guard,Infiltrator,50.0,50.0,0,255,50,1059860,Ordinary,35,35,40,35,55,50,250,0,0,0,0,1,0
188,Skiploom,2,0.6,1.0,Grass,Flying,Chlorophyll,Leaf Guard,Infiltrator,50.0,50.0,0,120,119,1059860,Ordinary,55,45,50,45,65,80,340,0,0,0,0,0,2
189,Jumpluff,2,0.8,3.0,Grass,Flying,Chlorophyll,Leaf Guard,Infiltrator,50.0,50.0,0,45,230,1059860,Ordinary,75,55,70,55,95,110,460,0,0,0,0,0,3
190,Aipom,2,0.8,11.5,Normal,,Run Away,Pickup,Skill Link,50.0,50.0,0,45,72,800000,Ordinary,55,70,55,40,55,85,360,0,0,0,0,0,1
191,Sunkern,2,0.3,1.8,Grass,,Chlorophyll,Solar Power,Early Bird,50.0,50.0,0,235,36,1059860,Ordinary,30,30,30,30,30,30,180,0,0,0,1,0,0
192,Sunflora,2,0.8,8.5,Grass,,Chlorophyll,Solar Power,Early Bird,50.0,50.0,0,120,149,1059860,Ordinary,75,75,55,105,85,30,425,0,0,0,2,0,0
193,Yanma,2,1.2,38.0,Bug,Flying,Speed Boost,Compound Eyes,Frisk,50.0,50.0,0,75,78,1000000,Ordinary,65,65,45,75,45,95,390,0,0,0,0,0,1
194,Paldean Wooper,9,0.4,11.0,Poison,Ground,Poison Point,Water Absorb,Unaware,50.0,50.0,0,255,42,1000000,Ordinary,55,45,45,25,25,15,210,1,0,0,0,0,0
195,Quagsire,2,1.4,75.0,Water,Ground,Damp,Water Absorb,Unaware,50.0,50.0,0,90,151,1000000,Ordinary,95,85,85,65,65,35,430,2,0,0,0,0,0
196,Espeon,2,0.9,26.5,Psychic,,Synchronize,,Magic Bounce,87.5,12.5,0,45,184,1000000,Ordinary,65,65,60,130,95,110,525,0,0,0,2,0,0
197,Umbreon,2,1.0,27.0,Dark,,Synchronize,,Inner Focus,87.5,12.5,0,45,184,1000000,Ordinary,95,65,110,60,130,65,525,0,0,0,0,2,0
198,Murkrow,2,0.5,2.1,Dark,Flying,Insomnia,Super Luck,Prankster,50.0,50.0,0,30,81,1059860,Ordinary,60,85,42,85,42,91,405,0,0,0,0,0,1
199,Slowking,2,2.0,79.5,Water,Psychic,Oblivious,Own Tempo,Regenerator,50.0,50.0,0,70,172,1000000,Ordinary,95,75,80,100,110,30,490,0,0,0,0,2,0
200,Misdreavus,2,0.7,1.0,Ghost,,Levitate,,,50.0,50.0,0,45,87,800000,Ordinary,60,60,60,85,85,85,435,0,0,0,0,1,0
201,Unown,2,0.5,5.0,Psychic,,Levitate,,,0.0,0.0,100,225,118,1000000,Ordinary,48,72,48,72,48,48,336,0,1,0,1,0,0
202,Wobbuffet,2,1.3,28.5,Psychic,,Shadow Tag,,Telepathy,50.0,50.0,0,45,142,1000000,Ordinary,190,33,58,33,58,33,405,2,0,0,0,0,0
203,Girafarig,2,1.5,41.5,Normal,Psychic,Inner Focus,Early Bird,Sap Sipper,50.0,50.0,0,60,159,1000000,Ordinary,70,80,65,90,65,85,455,0,0,0,2,0,0
204,Pineco,2,0.6,7.2,Bug,,Sturdy,,Overcoat,50.0,50.0,0,190,58,1000000,Ordinary,50,65,90,35,35,15,290,0,0,1,0,0,0
205,Forretress,2,1.2,125.8,Bug,Steel,Sturdy,,Overcoat,50.0,50.0,0,75,163,1000000,Ordinary,75,90,140,60,60,40,465,0,0,2,0,0,0
206,Dunsparce,2,1.5,14.0,Normal,,Serene Grace,Run Away,Rattled,50.0,50.0,0,190,145,1000000,Ordinary,100,70,70,65,65,45,415,1,0,0,0,0,0
207,Gligar,2,1.1,64.8,Ground,Flying,Hyper Cutter,Sand Veil,Immunity,50.0,50.0,0,60,86,1059860,Ordinary,65,75,105,35,65,85,430,0,0,1,0,0,0
208,Steelix,2,9.2,400.0,Steel,Ground,Rock Head,Sturdy,Sheer Force,50.0,50.0,0,25,179,1000000,Ordinary,75,85,200,55,65,30,510,0,0,2,0,0,0
209,Snubbull,2,0.6,7.8,Fairy,,Intimidate,Run Away,Rattled,25.0,75.0,0,190,60,800000,Ordinary,60,80,50,40,40,30,300,0,1,0,0,0,0
210,Granbull,2,1.4,48.7,Fairy,,Intimidate,Quick Feet,Rattled,25.0,75.0,0,75,158,800000,Ordinary,90,120,75,60,60,45,450,0,2,0,0,0,0
211,Qwilfish,2,0.5,3.9,Water,Poison,Poison Point,Swift Swim,Intimidate,50.0,50.0,0,45,88,1000000,Ordinary,65,95,85,55,55,85,440,0,1,0,0,0,0
212,Scizor,2,1.8,118.0,Bug,Steel,Swarm,Technician,Light Metal,50.0,50.0,0,25,175,1000000,Ordinary,70,130,100,55,80,65,500,0,2,0,0,0,0
213,Shuckle,2,0.6,20.5,Bug,Rock,Sturdy,Gluttony,Contrary,50.0,50.0,0,190,177,1059860,Ordinary,20,10,230,10,230,5,505,0,0,1,0,1,0
214,Heracross,2,1.5,54.0,Bug,Fighting,Swarm,Guts,Moxie,50.0,50.0,0,45,175,1250000,Ordinary,80,125,75,40,95,85,500,0,2,0,0,0,0
215,Sneasel,2,0.9,28.0,Dark,Ice,Inner Focus,Keen Eye,Pickpocket,50.0,50.0,0,60,86,1059860,Ordinary,55,95,55,35,75,115,430,0,0,0,0,0,1
216,Teddiursa,2,0.6,8.8,Normal,,Pickup,Quick Feet,Honey Gather,50.0,50.0,0,120,66,1000000,Ordinary,60,80,50,50,50,40,330,0,1,0,0,0,0
217,Ursaring,2,1.8,125.8,Normal,,Guts,Quick Feet,Unnerve,50.0,50.0,0,60,175,1000000,Ordinary,90,130,75,75,75,55,500,0,2,0,0,0,0
218,Slugma,2,0.7,35.0,Fire,,Magma Armor,Flame Body,Weak Armor,50.0,50.0,0,190,50,1000000,Ordinary,40,40,40,70,40,20,250,0,0,0,1,0,0
219,Magcargo,2,0.8,55.0,Fire,Rock,Magma Armor,Flame Body,Weak Armor,50.0,50.0,0,75,151,1000000,Ordinary,60,50,120,90,80,30,430,0,0,2,0,0,0
220,Swinub,2,0.4,6.5,Ice,Ground,Oblivious,Snow Cloak,Thick Fat,50.0,50.0,0,225,50,1250000,Ordinary,50,50,40,30,30,50,250,0,1,0,0,0,0
221,Piloswine,2,1.1,55.8,Ice,Ground,Oblivious,Snow Cloak,Thick Fat,50.0,50.0,0,75,158,1250000,Ordinary,100,100,80,60,60,50,450,1,1,0,0,0,0
222,Corsola,2,0.6,5.0,Water,Rock,Hustle,Natural Cure,Regenerator,25.0,75.0,0,60,144,800000,Ordinary,65,55,95,65,95,35,410,0,0,1,0,1,0
223,Remoraid,2,0.6,12.0,Water,,Hustle,Sniper,Moody,50.0,50.0,0,190,60,1000000,Ordinary,35,65,35,65,35,65,300,0,0,0,1,0,0
224,Octillery,2,0.9,28.5,Water,,Suction Cups,Sniper,Moody,50.0,50.0,0,75,168,1000000,Ordinary,75,105,75,105,75,45,480,0,1,0,1,0,0
225,Delibird,2,0.9,16.0,Ice,Flying,Vital Spirit,Hustle,Insomnia,50.0,50.0,0,45,116,800000,Ordinary,45,55,45,65,45,75,330,0,0,0,0,0,1
226,Mantine,2,2.1,220.0,Water,Flying,Swift Swim,Water Absorb,Water Veil,50.0,50.0,0,25,170,1250000,Ordinary,85,40,70,80,140,70,485,0,0,0,0,2,0
227,Skarmory,2,1.7,50.5,Steel,Flying,Keen Eye,Sturdy,Weak Armor,50.0,50.0,0,25,163,1250000,Ordinary,65,80,140,40,70,70,465,0,0,2,0,0,0
228,Houndour,2,0.6,10.8,Dark,Fire,Early Bird,Flash Fire,Unnerve,50.0,50.0,0,120,66,1250000,Ordinary,45,60,30,80,50,65,330,0,0,0,1,0,0
229,Houndoom,2,1.4,35.0,Dark,Fire,Early Bird,Flash Fire,Unnerve,50.0,50.0,0,45,175,1250000,Ordinary,75,90,50,110,80,95,500,0,0,0,2,0,0
230,Kingdra,2,1.8,152.0,Water,Dragon,Swift Swim,Sniper,Damp,50.0,50.0,0,45,270,1000000,Ordinary,75,95,95,95,95,85,540,0,1,0,1,1,0
231,Phanpy,2,0.5,33.5,Ground,,Pickup,,Sand Veil,50.0,50.0,0,120,66,1000000,Ordinary,90,60,60,40,40,40,330,1,0,0,0,0,0
232,Donphan,2,1.1,120.0,Ground,,Sturdy,,Sand Veil,50.0,50.0,0,60,175,1000000,Ordinary,90,120,120,60,60,50,500,0,1,1,0,0,0
233,Porygon2,2,0.6,32.5,Normal,,Trace,Download,Analytic,0.0,0.0,100,45,180,1000000,Ordinary,85,80,90,105,95,60,515,0,0,0,2,0,0
234,Stantler,2,1.4,71.2,Normal,,Intimidate,Frisk,Sap Sipper,50.0,50.0,0,45,163,1250000,Ordinary,73,95,62,85,65,85,465,0,1,0,0,0,0
235,Smeargle,2,1.2,58.0,Normal,,Own Tempo,Technician,Moody,50.0,50.0,0,45,88,800000,Ordinary,55,20,35,20,45,75,250,0,0,0,0,0,1
236,Tyrogue,2,0.7,21.0,Fighting,,Guts,Steadfast,Vital Spirit,100.0,0.0,0,75,42,1000000,Ordinary,35,35,35,35,35,35,210,0,1,0,0,0,0
237,Hitmontop,2,1.4,48.0,Fighting,,Intimidate,Technician,Steadfast,100.0,0.0,0,45,159,1000000,Ordinary,50,95,95,35,110,70,455,0,0,0,0,2,0
238,Smoochum,2,0.4,6.0,Ice,Psychic,Oblivious,Forewarn,Hydration,0.0,100.0,0,45,61,1000000,Ordinary,45,30,15,85,65,65,305,0,0,0,1,0,0
239,Elekid,2,0.6,23.5,Electric,,Static,,Vital Spirit,75.0,25.0,0,45,72,1000000,Ordinary,45,63,37,65,55,95,360,0,0,0,0,0,1
240,Magby,2,0.7,21.4,Fire,,Flame Body,,Vital Spirit,75.0,25.0,0,45,73,1000000,Ordinary,45,75,37,70,55,83,365,0,0,0,0,0,1
241,Miltank,2,1.2,75.5,Normal,,Thick Fat,Scrappy,Sap Sipper,0.0,100.0,0,45,172,1250000,Ordinary,95,80,105,40,70,100,490,0,0,2,0,0,0
242,Blissey,2,1.5,46.8,Normal,,Natural Cure,Serene Grace,Healer,0.0,100.0,0,30,635,800000,Ordinary,255,10,10,75,135,55,540,3,0,0,0,0,0
243,Raikou,2,1.9,178.0,Electric,,Pressure,,Inner Focus,0.0,0.0,100,3,290,1250000,Semi-Legendary,90,85,75,115,100,115,580,0,0,0,1,0,2
244,Entei,2,2.1,198.0,Fire,,Pressure,,Inner Focus,0.0,0.0,100,3,290,1250000,Semi-Legendary,115,115,85,90,75,100,580,1,2,0,0,0,0
245,Suicune,2,2.0,187.0,Water,,Pressure,,Inner Focus,0.0,0.0,100,3,290,1250000,Semi-Legendary,100,75,115,90,115,85,580,0,0,1,0,2,0
246,Larvitar,2,0.6,72.0,Rock,Ground,Guts,,Sand Veil,50.0,50.0,0,45,60,1250000,Ordinary,50,64,50,45,50,41,300,0,1,0,0,0,0
247,Pupitar,2,1.2,152.0,Rock,Ground,Shed Skin,,,50.0,50.0,0,45,144,1250000,Ordinary,70,84,70,65,70,51,410,0,2,0,0,0,0
248,Tyranitar,2,2.0,202.0,Rock,Dark,Sand Stream,,Unnerve,50.0,50.0,0,45,300,1250000,Ordinary,100,134,110,95,100,61,600,0,3,0,0,0,0
249,Lugia,2,5.2,216.0,Psychic,Flying,Pressure,,Multiscale,0.0,0.0,100,3,340,1250000,Legendary,106,90,130,90,154,110,680,0,0,0,0,3,0
250,Ho-Oh,2,3.8,199.0,Fire,Flying,Pressure,,Regenerator,0.0,0.0,100,3,340,1250000,Legendary,106,130,90,110,154,90,680,0,0,0,0,3,0
251,Celebi,2,0.6,5.0,Psychic,Grass,Natural Cure,,,0.0,0.0,100,45,300,1059860,Mythical,100,100,100,100,100,100,600,3,0,0,0,0,0
252,Treecko,3,0.5,5.0,Grass,,Overgrow,,Unburden,87.5,12.5,0,45,62,1059860,Ordinary,40,45,35,65,55,70,310,0,0,0,0,0,1
253,Grovyle,3,0.9,21.6,Grass,,Overgrow,,Unburden,87.5,12.5,0,45,142,1059860,Ordinary,50,65,45,85,65,95,405,0,0,0,0,0,2
254,Sceptile,3,1.7,52.2,Grass,,Overgrow,,Unburden,87.5,12.5,0,45,265,1059860,Ordinary,70,85,65,105,85,120,530,0,0,0,0,0,3
255,Torchic,3,0.4,2.5,Fire,,Blaze,,Speed Boost,87.5,12.5,0,45,62,1059860,Ordinary,45,60,40,70,50,45,310,0,0,0,1,0,0
256,Combusken,3,0.9,19.5,Fire,Fighting,Blaze,,Speed Boost,87.5,12.5,0,45,142,1059860,Ordinary,60,85,60,85,60,55,405,0,1,0,1,0,0
257,Blaziken,3,1.9,52.0,Fire,Fighting,Blaze,,Speed Boost,87.5,12.5,0,45,265,1059860,Ordinary,80,120,70,110,70,80,530,0,3,0,0,0,0
258,Mudkip,3,0.4,7.6,Water,,Torrent,,Damp,87.5,12.5,0,45,62,1059860,Ordinary,50,70,50,50,50,40,310,0,1,0,0,0,0
259,Marshtomp,3,0.7,28.0,Water,Ground,Torrent,,Damp,87.5,12.5,0,45,142,1059860,Ordinary,70,85,70,60,70,50,405,0,2,0,0,0,0
260,Swampert,3,1.5,81.9,Water,Ground,Torrent,,Damp,87.5,12.5,0,45,268,1059860,Ordinary,100,110,90,85,90,60,535,0,3,0,0,0,0
261,Poochyena,3,0.5,13.6,Dark,,Run Away,Quick Feet,Rattled,50.0,50.0,0,255,56,1000000,Ordinary,35,55,35,30,30,35,220,0,1,0,0,0,0
262,Mightyena,3,1.0,37.0,Dark,,Intimidate,Quick Feet,Moxie,50.0,50.0,0,127,147,1000000,Ordinary,70,90,70,60,60,70,420,0,2,0,0,0,0
263,Zigzagoon,3,0.4,17.5,Normal,,Pickup,Gluttony,Quick Feet,50.0,50.0,0,255,56,1000000,Ordinary,38,30,41,30,41,60,240,0,0,0,0,0,1
264,Linoone,3,0.5,32.5,Normal,,Pickup,Gluttony,Quick Feet,50.0,50.0,0,90,147,1000000,Ordinary,78,70,61,50,61,100,420,0,0,0,0,0,2
265,Wurmple,3,0.3,3.6,Bug,,Shield Dust,,Run Away,50.0,50.0,0,255,56,1000000,Ordinary,45,45,35,20,30,20,195,1,0,0,0,0,0
266,Silcoon,3,0.6,10.0,Bug,,Shed Skin,,,50.0,50.0,0,120,72,1000000,Ordinary,50,35,55,25,25,15,205,0,0,2,0,0,0
267,Beautifly,3,1.0,28.4,Bug,Flying,Swarm,,Rivalry,50.0,50.0,0,45,178,1000000,Ordinary,60,70,50,100,50,65,395,0,0,0,3,0,0
268,Cascoon,3,0.7,11.5,Bug,,Shed Skin,,,50.0,50.0,0,120,72,1000000,Ordinary,50,35,55,25,25,15,205,0,0,2,0,0,0
269,Dustox,3,1.2,31.6,Bug,Poison,Shield Dust,,Compound Eyes,50.0,50.0,0,45,173,1000000,Ordinary,60,50,70,50,90,65,385,0,0,0,0,3,0
270,Lotad,3,0.5,2.6,Water,Grass,Swift Swim,Rain Dish,Own Tempo,50.0,50.0,0,255,44,1059860,Ordinary,40,30,30,40,50,30,220,0,0,0,0,1,0
271,Lombre,3,1.2,32.5,Water,Grass,Swift Swim,Rain Dish,Own Tempo,50.0,50.0,0,120,119,1059860,Ordinary,60,50,50,60,70,50,340,0,0,0,0,2,0
272,Ludicolo,3,1.5,55.0,Water,Grass,Swift Swim,Rain Dish,Own Tempo,50.0,50.0,0,45,240,1059860,Ordinary,80,70,70,90,100,70,480,0,0,0,0,3,0
273,Seedot,3,0.5,4.0,Grass,,Chlorophyll,Early Bird,Pickpocket,50.0,50.0,0,255,44,1059860,Ordinary,40,40,50,30,30,30,220,0,0,1,0,0,0
274,Nuzleaf,3,1.0,28.0,Grass,Dark,Chlorophyll,Early Bird,Pickpocket,50.0,50.0,0,120,119,1059860,Ordinary,70,70,40,60,40,60,340,0,2,0,0,0,0
275,Shiftry,3,1.3,59.6,Grass,Dark,Chlorophyll,Early Bird,Pickpocket,50.0,50.0,0,45,240,1059860,Ordinary,90,100,60,90,60,80,480,0,3,0,0,0,0
276,Taillow,3,0.3,2.3,Normal,Flying,Guts,,Scrappy,50.0,50.0,0,200,54,1059860,Ordinary,40,55,30,30,30,85,270,0,0,0,0,0,1
277,Swellow,3,0.7,19.8,Normal,Flying,Guts,,Scrappy,50.0,50.0,0,45,159,1059860,Ordinary,60,85,60,75,50,125,455,0,0,0,0,0,2
278,Wingull,3,0.6,9.5,Water,Flying,Keen Eye,Hydration,Rain Dish,50.0,50.0,0,190,54,1000000,Ordinary,40,30,30,55,30,85,270,0,0,0,0,0,1
279,Pelipper,3,1.2,28.0,Water,Flying,Keen Eye,Drizzle,Rain Dish,50.0,50.0,0,45,154,1000000,Ordinary,60,50,100,95,70,65,440,0,0,2,0,0,0
280,Ralts,3,0.4,6.6,Psychic,Fairy,Synchronize,Trace,Telepathy,50.0,50.0,0,235,40,1250000,Ordinary,28,25,25,45,35,40,198,0,0,0,1,0,0
281,Kirlia,3,0.8,20.2,Psychic,Fairy,Synchronize,Trace,Telepathy,50.0,50.0,0,120,97,1250000,Ordinary,38,35,35,65,55,50,278,0,0,0,2,0,0
282,Gardevoir,3,1.6,48.4,Psychic,Fairy,Synchronize,Trace,Telepathy,50.0,50.0,0,45,259,1250000,Ordinary,68,65,65,125,115,80,518,0,0,0,3,0,0
283,Surskit,3,0.5,1.7,Bug,Water,Swift Swim,,Rain Dish,50.0,50.0,0,200,54,1000000,Ordinary,40,30,32,50,52,65,269,0,0,0,0,0,1
284,Masquerain,3,0.8,3.6,Bug,Flying,Intimidate,,Unnerve,50.0,50.0,0,75,159,1000000,Ordinary,70,60,62,100,82,80,454,0,0,0,1,1,0
285,Shroomish,3,0.4,4.5,Grass,,Effect Spore,Poison Heal,Quick Feet,50.0,50.0,0,255,59,1640000,Ordinary,60,40,60,40,60,35,295,1,0,0,0,0,0
286,Breloom,3,1.2,39.2,Grass,Fighting,Effect Spore,Poison Heal,Technician,50.0,50.0,0,90,161,1640000,Ordinary,60,130,80,60,60,70,460,0,2,0,0,0,0
287,Slakoth,3,0.8,24.0,Normal,,Truant,,,50.0,50.0,0,255,56,1250000,Ordinary,60,60,60,35,35,30,280,1,0,0,0,0,0
288,Vigoroth,3,1.4,46.5,Normal,,Vital Spirit,,,50.0,50.0,0,120,154,1250000,Ordinary,80,80,80,55,55,90,440,0,0,0,0,0,2
289,Slaking,3,2.0,130.5,Normal,,Truant,,,50.0,50.0,0,45,285,1250000,Ordinary,150,160,100,95,65,100,670,3,0,0,0,0,0
290,Nincada,3,0.5,5.5,Bug,Ground,Compound Eyes,,Run Away,50.0,50.0,0,255,53,600000,Ordinary,31,45,90,30,30,40,266,0,0,1,0,0,0
291,Ninjask,3,0.8,12.0,Bug,Flying,Speed Boost,,Infiltrator,50.0,50.0,0,120,160,600000,Ordinary,61,90,45,50,50,160,456,0,0,0,0,0,2
292,Shedinja,3,0.8,1.2,Bug,Ghost,Wonder Guard,,,0.0,0.0,100,45,83,600000,Ordinary,1,90,45,30,30,40,236,2,0,0,0,0,0
293,Whismur,3,0.6,16.3,Normal,,Soundproof,,Rattled,50.0,50.0,0,190,48,1059860,Ordinary,64,51,23,51,23,28,240,1,0,0,0,0,0
294,Loudred,3,1.0,40.5,Normal,,Soundproof,,Scrappy,50.0,50.0,0,120,126,1059860,Ordinary,84,71,43,71,43,48,360,2,0,0,0,0,0
295,Exploud,3,1.5,84.0,Normal,,Soundproof,,Scrappy,50.0,50.0,0,45,245,1059860,Ordinary,104,91,63,91,73,68,490,3,0,0,0,0,0
296,Makuhita,3,1.0,86.4,Fighting,,Thick Fat,Guts,Sheer Force,75.0,25.0,0,180,47,1640000,Ordinary,72,60,30,20,30,25,237,1,0,0,0,0,0
297,Hariyama,3,2.3,253.8,Fighting,,Thick Fat,Guts,Sheer Force,75.0,25.0,0,200,166,1640000,Ordinary,144,120,60,40,60,50,474,2,0,0,0,0,0
298,Azurill,3,0.2,2.0,Normal,Fairy,Thick Fat,Huge Power,Sap Sipper,25.0,75.0,0,150,38,800000,Ordinary,50,20,40,20,40,20,190,1,0,0,0,0,0
299,Nosepass,3,1.0,97.0,Rock,,Sturdy,Magnet Pull,Sand Force,50.0,50.0,0,255,75,1000000,Ordinary,30,45,135,45,90,30,375,0,0,1,0,0,0
300,Skitty,3,0.6,11.0,Normal,,Cute Charm,Normalize,Wonder Skin,25.0,75.0,0,255,52,800000,Ordinary,50,45,45,35,35,50,260,0,0,0,0,0,1
301,Delcatty,3,1.1,32.6,Normal,,Cute Charm,Normalize,Wonder Skin,25.0,75.0,0,60,140,800000,Ordinary,70,65,65,55,55,90,400,1,0,0,0,0,1
302,Sableye,3,0.5,11.0,Dark,Ghost,Keen Eye,Stall,Prankster,50.0,50.0,0,45,133,1059860,Ordinary,50,75,75,65,65,50,380,0,1,1,0,0,0
303,Mawile,3,0.6,11.5,Steel,Fairy,Hyper Cutter,Intimidate,Sheer Force,50.0,50.0,0,45,133,800000,Ordinary,50,85,85,55,55,50,380,0,1,1,0,0,0
304,Aron,3,0.4,60.0,Steel,Rock,Sturdy,Rock Head,Heavy Metal,50.0,50.0,0,180,66,1250000,Ordinary,50,70,100,40,40,30,330,0,0,1,0,0,0
305,Lairon,3,0.9,120.0,Steel,Rock,Sturdy,Rock Head,Heavy Metal,50.0,50.0,0,90,151,1250000,Ordinary,60,90,140,50,50,40,430,0,0,2,0,0,0
306,Aggron,3,2.1,360.0,Steel,Rock,Sturdy,Rock Head,Heavy Metal,50.0,50.0,0,45,265,1250000,Ordinary,70,110,180,60,60,50,530,0,0,3,0,0,0
307,Meditite,3,0.6,11.2,Fighting,Psychic,Pure Power,,Telepathy,50.0,50.0,0,180,56,1000000,Ordinary,30,40,55,40,55,60,280,0,0,0,0,0,1
308,Medicham,3,1.3,31.5,Fighting,Psychic,Pure Power,,Telepathy,50.0,50.0,0,90,144,1000000,Ordinary,60,60,75,60,75,80,410,0,0,0,0,0,2
309,Electrike,3,0.6,15.2,Electric,,Static,Lightning Rod,Minus,50.0,50.0,0,120,59,1250000,Ordinary,40,45,40,65,40,65,295,0,0,0,0,0,1
310,Manectric,3,1.5,40.2,Electric,,Static,Lightning Rod,Minus,50.0,50.0,0,45,166,1250000,Ordinary,70,75,60,105,60,105,475,0,0,0,0,0,2
311,Plusle,3,0.4,4.2,Electric,,Plus,,Lightning Rod,50.0,50.0,0,200,142,1000000,Ordinary,60,50,40,85,75,95,405,0,0,0,0,0,1
312,Minun,3,0.4,4.2,Electric,,Minus,,Volt Absorb,50.0,50.0,0,200,142,1000000,Ordinary,60,40,50,75,85,95,405,0,0,0,0,0,1
313,Volbeat,3,0.7,17.7,Bug,,Illuminate,Swarm,Prankster,100.0,0.0,0,150,151,600000,Ordinary,65,73,75,47,85,85,430,0,0,0,0,0,1
314,Illumise,3,0.6,17.7,Bug,,Oblivious,Tinted Lens,Prankster,0.0,100.0,0,150,151,1640000,Ordinary,65,47,75,73,85,85,430,0,0,0,0,0,1
315,Roselia,3,0.3,2.0,Grass,Poison,Natural Cure,Poison Point,Leaf Guard,50.0,50.0,0,150,140,1059860,Ordinary,50,60,45,100,80,65,400,0,0,0,2,0,0
316,Gulpin,3,0.4,10.3,Poison,,Liquid Ooze,Sticky Hold,Gluttony,50.0,50.0,0,225,60,1640000,Ordinary,70,43,53,43,53,40,302,1,0,0,0,0,0
317,Swalot,3,1.7,80.0,Poison,,Liquid Ooze,Sticky Hold,Gluttony,50.0,50.0,0,75,163,1640000,Ordinary,100,73,83,73,83,55,467,2,0,0,0,0,0
318,Carvanha,3,0.8,20.8,Water,Dark,Rough Skin,,Speed Boost,50.0,50.0,0,225,61,1250000,Ordinary,45,90,20,65,20,65,305,0,1,0,0,0,0
319,Sharpedo,3,1.8,88.8,Water,Dark,Rough Skin,,Speed Boost,50.0,50.0,0,60,161,1250000,Ordinary,70,120,40,95,40,95,460,0,2,0,0,0,0
320,Wailmer,3,2.0,130.0,Water,,Water Veil,Oblivious,Pressure,50.0,50.0,0,125,80,1640000,Ordinary,130,70,35,70,35,60,400,1,0,0,0,0,0
321,Wailord,3,14.5,398.0,Water,,Water Veil,Oblivious,Pressure,50.0,50.0,0,60,175,1640000,Ordinary,170,90,45,90,45,60,500,2,0,0,0,0,0
322,Numel,3,0.7,24.0,Fire,Ground,Oblivious,Simple,Own Tempo,50.0,50.0,0,255,61,1000000,Ordinary,60,60,40,65,45,35,305,0,0,0,1,0,0
323,Camerupt,3,1.9,220.0,Fire,Ground,Magma Armor,Solid Rock,Anger Point,50.0,50.0,0,150,161,1000000,Ordinary,70,100,70,105,75,40,460,0,1,0,1,0,0
324,Torkoal,3,0.5,80.4,Fire,,White Smoke,Drought,Shell Armor,50.0,50.0,0,90,165,1000000,Ordinary,70,85,140,85,70,20,470,0,0,2,0,0,0
325,Spoink,3,0.7,30.6,Psychic,,Thick Fat,Own Tempo,Gluttony,50.0,50.0,0,255,66,800000,Ordinary,60,25,35,70,80,60,330,0,0,0,0,1,0
326,Grumpig,3,0.9,71.5,Psychic,,Thick Fat,Own Tempo,Gluttony,50.0,50.0,0,60,165,800000,Ordinary,80,45,65,90,110,80,470,0,0,0,0,2,0
327,Spinda,3,1.1,5.0,Normal,,Own Tempo,Tangled Feet,Contrary,50.0,50.0,0,255,126,800000,Ordinary,60,60,60,60,60,60,360,0,0,0,1,0,0
328,Trapinch,3,0.7,15.0,Ground,,Hyper Cutter,Arena Trap,Sheer Force,50.0,50.0,0,255,58,1059860,Ordinary,45,100,45,45,45,10,290,0,1,0,0,0,0
329,Vibrava,3,1.1,15.3,Ground,Dragon,Levitate,,,50.0,50.0,0,120,119,1059860,Ordinary,50,70,50,50,50,70,340,0,1,0,0,0,1
330,Flygon,3,2.0,82.0,Ground,Dragon,Levitate,,,50.0,50.0,0,45,260,1059860,Ordinary,80,100,80,80,80,100,520,0,1,0,0,0,2
331,Cacnea,3,0.4,51.3,Grass,,Sand Veil,,Water Absorb,50.0,50.0,0,190,67,1059860,Ordinary,50,85,40,85,40,35,335,0,0,0,1,0,0
332,Cacturne,3,1.3,77.4,Grass,Dark,Sand Veil,,Water Absorb,50.0,50.0,0,60,166,1059860,Ordinary,70,115,60,115,60,55,475,0,1,0,1,0,0
333,Swablu,3,0.4,1.2,Normal,Flying,Natural Cure,,Cloud Nine,50.0,50.0,0,255,62,600000,Ordinary,45,40,60,40,75,50,310,0,0,0,0,1,0
334,Altaria,3,1.1,20.6,Dragon,Flying,Natural Cure,,Cloud Nine,50.0,50.0,0,45,172,600000,Ordinary,75,70,90,70,105,80,490,0,0,0,0,2,0
335,Zangoose,3,1.3,40.3,Normal,,Immunity,,Toxic Boost,50.0,50.0,0,90,160,600000,Ordinary,73,115,60,60,60,90,458,0,2,0,0,0,0
336,Seviper,3,2.7,52.5,Poison,,Shed Skin,,Infiltrator,50.0,50.0,0,90,160,1640000,Ordinary,73,100,60,100,60,65,458,0,1,0,1,0,0
337,Lunatone,3,1.0,168.0,Rock,Psychic,Levitate,,,0.0,0.0,100,45,161,800000,Ordinary,90,55,65,95,85,70,460,0,0,0,2,0,0
338,Solrock,3,1.2,154.0,Rock,Psychic,Levitate,,,0.0,0.0,100,45,161,800000,Ordinary,90,95,85,55,65,70,460,0,2,0,0,0,0
339,Barboach,3,0.4,1.9,Water,Ground,Oblivious,Anticipation,Hydration,50.0,50.0,0,190,58,1000000,Ordinary,50,48,43,46,41,60,288,1,0,0,0,0,0
340,Whiscash,3,0.9,23.6,Water,Ground,Oblivious,Anticipation,Hydration,50.0,50.0,0,75,164,1000000,Ordinary,110,78,73,76,71,60,468,2,0,0,0,0,0
341,Corphish,3,0.6,11.5,Water,,Hyper Cutter,Shell Armor,Adaptability,50.0,50.0,0,205,62,1640000,Ordinary,43,80,65,50,35,35,308,0,1,0,0,0,0
342,Crawdaunt,3,1.1,32.8,Water,Dark,Hyper Cutter,Shell Armor,Adaptability,50.0,50.0,0,155,164,1640000,Ordinary,63,120,85,90,55,55,468,0,2,0,0,0,0
343,Baltoy,3,0.5,21.5,Ground,Psychic,Levitate,,,0.0,0.0,100,255,60,1000000,Ordinary,40,40,55,40,70,55,300,0,0,0,0,1,0
344,Claydol,3,1.5,108.0,Ground,Psychic,Levitate,,,0.0,0.0,100,90,175,1000000,Ordinary,60,70,105,70,120,75,500,0,0,0,0,2,0
345,Lileep,3,1.0,23.8,Rock,Grass,Suction Cups,,Storm Drain,87.5,12.5,0,45,71,600000,Ordinary,66,41,77,61,87,23,355,0,0,0,0,1,0
346,Cradily,3,1.5,60.4,Rock,Grass,Suction Cups,,Storm Drain,87.5,12.5,0,45,173,600000,Ordinary,86,81,97,81,107,43,495,0,0,0,0,2,0
347,Anorith,3,0.7,12.5,Rock,Bug,Battle Armor,,Swift Swim,87.5,12.5,0,45,71,600000,Ordinary,45,95,50,40,50,75,355,0,1,0,0,0,0
348,Armaldo,3,1.5,68.2,Rock,Bug,Battle Armor,,Swift Swim,87.5,12.5,0,45,173,600000,Ordinary,75,125,100,70,80,45,495,0,2,0,0,0,0
349,Feebas,3,0.6,7.4,Water,,Swift Swim,Oblivious,Adaptability,50.0,50.0,0,255,40,600000,Ordinary,20,15,20,10,55,80,200,0,0,0,0,0,1
350,Milotic,3,6.2,162.0,Water,,Marvel Scale,Competitive,Cute Charm,50.0,50.0,0,60,189,600000,Ordinary,95,60,79,100,125,81,540,0,0,0,0,2,0
351,Castform,3,0.3,0.8,Normal,,Forecast,,,50.0,50.0,0,45,147,1000000,Ordinary,70,70,70,70,70,70,420,1,0,0,0,0,0
352,Kecleon,3,1.0,22.0,Normal,,Color Change,,Protean,50.0,50.0,0,200,154,1059860,Ordinary,60,90,70,60,120,40,440,0,0,0,0,1,0
353,Shuppet,3,0.6,2.3,Ghost,,Insomnia,Frisk,Cursed Body,50.0,50.0,0,225,59,800000,Ordinary,44,75,35,63,33,45,295,0,1,0,0,0,0
354,Banette,3,1.1,12.5,Ghost,,Insomnia,Frisk,Cursed Body,50.0,50.0,0,45,159,800000,Ordinary,64,115,65,83,63,65,455,0,2,0,0,0,0
355,Duskull,3,0.8,15.0,Ghost,,Levitate,,Frisk,50.0,50.0,0,190,59,800000,Ordinary,20,40,90,30,90,25,295,0,0,0,0,1,0
356,Dusclops,3,1.6,30.6,Ghost,,Pressure,,Frisk,50.0,50.0,0,90,159,800000,Ordinary,40,70,130,60,130,25,455,0,0,1,0,1,0
357,Tropius,3,2.0,100.0,Grass,Flying,Chlorophyll,Solar Power,Harvest,50.0,50.0,0,200,161,1250000,Ordinary,99,68,83,72,87,51,460,2,0,0,0,0,0
358,Chimecho,3,0.6,1.0,Psychic,,Levitate,,,50.0,50.0,0,45,159,800000,Ordinary,75,50,80,95,90,65,455,0,0,0,1,1,0
359,Absol,3,1.2,47.0,Dark,,Pressure,Super Luck,Justified,50.0,50.0,0,30,163,1059860,Ordinary,65,130,60,75,60,75,465,0,2,0,0,0,0
360,Wynaut,3,0.6,14.0,Psychic,,Shadow Tag,,Telepathy,50.0,50.0,0,125,52,1000000,Ordinary,95,23,48,23,48,23,260,1,0,0,0,0,0
361,Snorunt,3,0.7,16.8,Ice,,Inner Focus,Ice Body,Moody,50.0,50.0,0,190,60,1000000,Ordinary,50,50,50,50,50,50,300,1,0,0,0,0,0
362,Glalie,3,1.5,256.5,Ice,,Inner Focus,Ice Body,Moody,50.0,50.0,0,75,168,1000000,Ordinary,80,80,80,80,80,80,480,2,0,0,0,0,0
363,Spheal,3,0.8,39.5,Ice,Water,Thick Fat,Ice Body,Oblivious,50.0,50.0,0,255,58,1059860,Ordinary,70,40,50,55,50,25,290,1,0,0,0,0,0
364,Sealeo,3,1.1,87.6,Ice,Water,Thick Fat,Ice Body,Oblivious,50.0,50.0,0,120,144,1059860,Ordinary,90,60,70,75,70,45,410,2,0,0,0,0,0
365,Walrein,3,1.4,150.6,Ice,Water,Thick Fat,Ice Body,Oblivious,50.0,50.0,0,45,265,1059860,Ordinary,110,80,90,95,90,65,530,3,0,0,0,0,0
366,Clamperl,3,0.4,52.5,Water,,Shell Armor,,Rattled,50.0,50.0,0,255,69,600000,Ordinary,35,64,85,74,55,32,345,0,0,1,0,0,0
367,Huntail,3,1.7,27.0,Water,,Swift Swim,,Water Veil,50.0,50.0,0,60,170,600000,Ordinary,55,104,105,94,75,52,485,0,1,1,0,0,0
368,Gorebyss,3,1.8,22.6,Water,,Swift Swim,,Hydration,50.0,50.0,0,60,170,600000,Ordinary,55,84,105,114,75,52,485,0,0,0,2,0,0
369,Relicanth,3,1.0,23.4,Water,Rock,Swift Swim,Rock Head,Sturdy,87.5,12.5,0,25,170,1250000,Ordinary,100,90,130,45,65,55,485,1,0,1,0,0,0
370,Luvdisc,3,0.6,8.7,Water,,Swift Swim,,Hydration,25.0,75.0,0,225,116,800000,Ordinary,43,30,55,40,65,97,330,0,0,0,0,0,1
371,Bagon,3,0.6,42.1,Dragon,,Rock Head,,Sheer Force,50.0,50.0,0,45,60,1250000,Ordinary,45,75,60,40,30,50,300,0,1,0,0,0,0
372,Shelgon,3,1.1,110.5,Dragon,,Rock Head,,Overcoat,50.0,50.0,0,45,147,1250000,Ordinary,65,95,100,60,50,50,420,0,0,2,0,0,0
373,Salamence,3,1.5,102.6,Dragon,Flying,Intimidate,,Moxie,50.0,50.0,0,45,300,1250000,Ordinary,95,135,80,110,80,100,600,0,3,0,0,0,0
374,Beldum,3,0.6,95.2,Steel,Psychic,Clear Body,,Light Metal,0.0,0.0,100,3,60,1250000,Ordinary,40,55,80,35,60,30,300,0,0,1,0,0,0
375,Metang,3,1.2,202.5,Steel,Psychic,Clear Body,,Light Metal,0.0,0.0,100,3,147,1250000,Ordinary,60,75,100,55,80,50,420,0,0,2,0,0,0
376,Metagross,3,1.6,550.0,Steel,Psychic,Clear Body,,Light Metal,0.0,0.0,100,3,300,1250000,Ordinary,80,135,130,95,90,70,600,0,0,3,0,0,0
377,Regirock,3,1.7,230.0,Rock,,Clear Body,,Sturdy,0.0,0.0,100,3,290,1250000,Semi-Legendary,80,100,200,50,100,50,580,0,0,3,0,0,0
378,Regice,3,1.8,175.0,Ice,,Clear Body,,Ice Body,0.0,0.0,100,3,290,1250000,Semi-Legendary,80,50,100,100,200,50,580,0,0,0,0,3,0
379,Registeel,3,1.9,205.0,Steel,,Clear Body,,Light Metal,0.0,0.0,100,3,290,1250000,Semi-Legendary,80,75,150,75,150,50,580,0,0,2,0,1,0
380,Latias,3,1.4,40.0,Dragon,Psychic,Levitate,,,0.0,100.0,0,3,300,1250000,Semi-Legendary,80,80,90,110,130,110,600,0,0,0,0,3,0
381,Latios,3,2.0,60.0,Dragon,Psychic,Levitate,,,100.0,0.0,0,3,300,1250000,Semi-Legendary,80,90,80,130,110,110,600,0,0,0,3,0,0
382,Kyogre,3,4.5,352.0,Water,,Drizzle,,,0.0,0.0,100,3,335,1250000,Legendary,100,100,90,150,140,90,670,0,0,0,3,0,0
383,Groudon,3,3.5,950.0,Ground,,Drought,,,0.0,0.0,100,3,335,1250000,Legendary,100,150,140,100,90,90,670,0,3,0,0,0,0
384,Rayquaza,3,7.0,206.5,Dragon,Flying,Air Lock,,,0.0,0.0,100,45,340,1250000,Legendary,105,150,90,150,90,95,680,0,2,0,1,0,0
385,Jirachi,3,0.3,1.1,Steel,Psychic,Serene Grace,,,0.0,0.0,100,3,300,1250000,Mythical,100,100,100,100,100,100,600,3,0,0,0,0,0
386,Deoxys,3,1.7,60.8,Psychic,,Pressure,,,0.0,0.0,100,3,300,1250000,Mythical,50,150,50,150,50,150,600,0,1,0,1,0,1
